question,providers,samples_per_provider,provenance
Best CRM for a B2B SaaS company,5,3,Transcribed from the published July 2026 article
Best PM tool for a software engineering team,5,3,Transcribed from the published July 2026 article
Best email platform for a small business,5,3,Transcribed from the published July 2026 article
Best customer support help desk,5,3,Transcribed from the published July 2026 article
Best privacy-friendly analytics tool,5,3,Transcribed from the published July 2026 article
Best password manager for a small team,5,3,Transcribed from the published July 2026 article
Best accounting software for a small business,5,3,Transcribed from the published July 2026 article
Best e-signature software,5,3,Transcribed from the published July 2026 article
Best website builder for a small business,5,3,Transcribed from the published July 2026 article
Best video conferencing for remote teams,5,3,Transcribed from the published July 2026 article
