domain,answers_with_source,source_type,total_answers,provenance
g2.com (incl. learn.g2.com),30,Review marketplace,150,Transcribed from the published July 2026 article; not raw response data
youtube.com,16,Video / community,150,Transcribed from the published July 2026 article; not raw response data
pcmag.com,14,Tech media,150,Transcribed from the published July 2026 article; not raw response data
thedigitalprojectmanager.com,13,Niche review blog,150,Transcribed from the published July 2026 article; not raw response data
salesforce.com,12,Vendor,150,Transcribed from the published July 2026 article; not raw response data
techradar.com,11,Tech media,150,Transcribed from the published July 2026 article; not raw response data
paymoapp.com,9,Vendor blog / listicle,150,Transcribed from the published July 2026 article; not raw response data
zapier.com,9,Media / blog,150,Transcribed from the published July 2026 article; not raw response data
brevo.com,9,Vendor,150,Transcribed from the published July 2026 article; not raw response data
launchthedamnthing.com,9,Niche blog,150,Transcribed from the published July 2026 article; not raw response data
aimers.io,8,Niche blog,150,Transcribed from the published July 2026 article; not raw response data
monday.com,8,Vendor,150,Transcribed from the published July 2026 article; not raw response data
plausible.io,8,Vendor,150,Transcribed from the published July 2026 article; not raw response data
wpmailsmtp.com,8,Niche blog,150,Transcribed from the published July 2026 article; not raw response data
techrepublic.com,7,Tech media,150,Transcribed from the published July 2026 article; not raw response data
reddit.com,7,Community,150,Transcribed from the published July 2026 article; not raw response data
peoplemanagingpeople.com,7,Niche review blog,150,Transcribed from the published July 2026 article; not raw response data
project-management.com,6,Niche review blog,150,Transcribed from the published July 2026 article; not raw response data
